Video,Quality,Video Bytes Downloaded,Loaded Percentage,Eid,Date,Time
jMB7-v50hck,hd2160,0.0,0.0,h88,2025-11-11,11:33:45
jMB7-v50hck,hd2160,0.01772377873,1.8,h88,2025-11-11,11:33:46
jMB7-v50hck,hd2160,0.06203559949,6.2,h88,2025-11-11,11:33:47
jMB7-v50hck,hd2160,0.07802165976,7.8,h88,2025-11-11,11:33:48
jMB7-v50hck,hd2160,0.09764933221,9.8,h88,2025-11-11,11:33:49
jMB7-v50hck,hd2160,0.09764933221,9.8,h88,2025-11-11,11:33:50
jMB7-v50hck,hd2160,0.1077765275,10.8,h88,2025-11-11,11:33:51
jMB7-v50hck,hd2160,0.1077765275,10.8,h88,2025-11-11,11:33:52
jMB7-v50hck,hd2160,0.1198028687,12.0,h88,2025-11-11,11:33:53
jMB7-v50hck,hd2160,0.1198028687,12.0,h88,2025-11-11,11:33:54
jMB7-v50hck,hd2160,0.1266065587,12.7,h88,2025-11-11,11:33:55
jMB7-v50hck,hd2160,0.1266065587,12.7,h88,2025-11-11,11:33:56
jMB7-v50hck,hd2160,0.1381581134,13.8,h88,2025-11-11,11:33:57
jMB7-v50hck,hd2160,0.1381581134,13.8,h88,2025-11-11,11:33:58
jMB7-v50hck,hd2160,0.1381581134,13.8,h88,2025-11-11,11:33:59
jMB7-v50hck,hd2160,0.1482900565,14.8,h88,2025-11-11,11:34:00
jMB7-v50hck,hd2160,0.1577857858,15.8,h88,2025-11-11,11:34:01
jMB7-v50hck,hd2160,0.1577857858,15.8,h88,2025-11-11,11:34:02
jMB7-v50hck,hd2160,0.1577857858,15.8,h88,2025-11-11,11:34:03
jMB7-v50hck,hd2160,0.1683877676,16.8,h88,2025-11-11,11:34:04
jMB7-v50hck,hd2160,0.1761457784,17.6,h88,2025-11-11,11:34:05
jMB7-v50hck,hd2160,0.1761457784,17.6,h88,2025-11-11,11:34:06
jMB7-v50hck,hd2160,0.1856415077,18.6,h88,2025-11-11,11:34:07
jMB7-v50hck,hd2160,0.1856415077,18.6,h88,2025-11-11,11:34:08
jMB7-v50hck,hd2160,0.1924451978,19.2,h88,2025-11-11,11:34:09
jMB7-v50hck,hd2160,0.1945010232,19.5,h88,2025-11-11,11:34:10
jMB7-v50hck,hd2160,0.2051030049,20.5,h88,2025-11-11,11:34:11
jMB7-v50hck,hd2160,0.2051030049,20.5,h88,2025-11-11,11:34:12
jMB7-v50hck,hd2160,0.2164978801,21.6,h88,2025-11-11,11:34:13
jMB7-v50hck,hd2160,0.2164978801,21.6,h88,2025-11-11,11:34:14
jMB7-v50hck,hd2160,0.2164978801,21.6,h88,2025-11-11,11:34:15
jMB7-v50hck,hd2160,0.2236244249,22.4,h88,2025-11-11,11:34:16
jMB7-v50hck,hd2160,0.2236244249,22.4,h88,2025-11-11,11:34:17
jMB7-v50hck,hd2160,0.2339082997,23.4,h88,2025-11-11,11:34:18
jMB7-v50hck,hd2160,0.2339082997,23.4,h88,2025-11-11,11:34:19
jMB7-v50hck,hd2160,0.2426158835,24.3,h88,2025-11-11,11:34:20
jMB7-v50hck,hd2160,0.2426158835,24.3,h88,2025-11-11,11:34:21
jMB7-v50hck,hd2160,0.2530611857,25.3,h88,2025-11-11,11:34:22
jMB7-v50hck,hd2160,0.2530611857,25.3,h88,2025-11-11,11:34:23
jMB7-v50hck,hd2160,0.2646127404,26.5,h88,2025-11-11,11:34:24
jMB7-v50hck,hd2160,0.2646127404,26.5,h88,2025-11-11,11:34:25
jMB7-v50hck,hd2160,0.2723660034,27.2,h88,2025-11-11,11:34:26
jMB7-v50hck,hd2160,0.2723660034,27.2,h88,2025-11-11,11:34:27
jMB7-v50hck,hd2160,0.2818617327,28.2,h88,2025-11-11,11:34:28
jMB7-v50hck,hd2160,0.2886654227,28.9,h88,2025-11-11,11:34:29
jMB7-v50hck,hd2160,0.2916755689,29.2,h88,2025-11-11,11:34:30
jMB7-v50hck,hd2160,0.3018027642,30.2,h88,2025-11-11,11:34:31
jMB7-v50hck,hd2160,0.3018027642,30.2,h88,2025-11-11,11:34:32
jMB7-v50hck,hd2160,0.3018027642,30.2,h88,2025-11-11,11:34:33
jMB7-v50hck,hd2160,0.3127228529,31.3,h88,2025-11-11,11:34:34
jMB7-v50hck,hd2160,0.3127228529,31.3,h88,2025-11-11,11:34:35
jMB7-v50hck,hd2160,0.3204808637,32.0,h88,2025-11-11,11:34:36
jMB7-v50hck,hd2160,0.3204808637,32.0,h88,2025-11-11,11:34:37
jMB7-v50hck,hd2160,0.329976593,33.0,h88,2025-11-11,11:34:38
jMB7-v50hck,hd2160,0.329976593,33.0,h88,2025-11-11,11:34:39
jMB7-v50hck,hd2160,0.3402604679,34.0,h88,2025-11-11,11:34:40
jMB7-v50hck,hd2160,0.3402604679,34.0,h88,2025-11-11,11:34:41
jMB7-v50hck,hd2160,0.3502309836,35.0,h88,2025-11-11,11:34:42
jMB7-v50hck,hd2160,0.3502309836,35.0,h88,2025-11-11,11:34:43
jMB7-v50hck,hd2160,0.3608329654,36.1,h88,2025-11-11,11:34:44
jMB7-v50hck,hd2160,0.3608329654,36.1,h88,2025-11-11,11:34:45
jMB7-v50hck,hd2160,0.3685909762,36.9,h88,2025-11-11,11:34:46
jMB7-v50hck,hd2160,0.3685909762,36.9,h88,2025-11-11,11:34:47
jMB7-v50hck,hd2160,0.3790362784,37.9,h88,2025-11-11,11:34:48
jMB7-v50hck,hd2160,0.3790362784,37.9,h88,2025-11-11,11:34:49
jMB7-v50hck,hd2160,0.3790362784,37.9,h88,2025-11-11,11:34:50
jMB7-v50hck,hd2160,0.3886934351,38.9,h88,2025-11-11,11:34:51
jMB7-v50hck,hd2160,0.39897731,39.9,h88,2025-11-11,11:34:52
jMB7-v50hck,hd2160,0.39897731,39.9,h88,2025-11-11,11:34:53
jMB7-v50hck,hd2160,0.4089478257,40.9,h88,2025-11-11,11:34:54
jMB7-v50hck,hd2160,0.4089478257,40.9,h88,2025-11-11,11:34:55
jMB7-v50hck,hd2160,0.4167010887,41.7,h88,2025-11-11,11:34:56
jMB7-v50hck,hd2160,0.4167010887,41.7,h88,2025-11-11,11:34:57
jMB7-v50hck,hd2160,0.4274644978,42.7,h88,2025-11-11,11:34:58
jMB7-v50hck,hd2160,0.4274644978,42.7,h88,2025-11-11,11:34:59
jMB7-v50hck,hd2160,0.4358539747,43.6,h88,2025-11-11,11:35:00
jMB7-v50hck,hd2160,0.4358539747,43.6,h88,2025-11-11,11:35:01
jMB7-v50hck,hd2160,0.4458244904,44.6,h88,2025-11-11,11:35:02
jMB7-v50hck,hd2160,0.4458244904,44.6,h88,2025-11-11,11:35:03
jMB7-v50hck,hd2160,0.4570579382,45.7,h88,2025-11-11,11:35:04
jMB7-v50hck,hd2160,0.4570579382,45.7,h88,2025-11-11,11:35:05
jMB7-v50hck,hd2160,0.4659222015,46.6,h88,2025-11-11,11:35:06
jMB7-v50hck,hd2160,0.4659222015,46.6,h88,2025-11-11,11:35:07
jMB7-v50hck,hd2160,0.4659222015,46.6,h88,2025-11-11,11:35:08
jMB7-v50hck,hd2160,0.4757360377,47.6,h88,2025-11-11,11:35:09
jMB7-v50hck,hd2160,0.4757360377,47.6,h88,2025-11-11,11:35:10
jMB7-v50hck,hd2160,0.4850703396,48.5,h88,2025-11-11,11:35:11
jMB7-v50hck,hd2160,0.4945660689,49.5,h88,2025-11-11,11:35:12
jMB7-v50hck,hd2160,0.4945660689,49.5,h88,2025-11-11,11:35:13
jMB7-v50hck,hd2160,0.5051680507,50.5,h88,2025-11-11,11:35:14
jMB7-v50hck,hd2160,0.5051680507,50.5,h88,2025-11-11,11:35:15
jMB7-v50hck,hd2160,0.5122945955,51.2,h88,2025-11-11,11:35:16
jMB7-v50hck,hd2160,0.5122945955,51.2,h88,2025-11-11,11:35:17
jMB7-v50hck,hd2160,0.5224217908,52.2,h88,2025-11-11,11:35:18
jMB7-v50hck,hd2160,0.5224217908,52.2,h88,2025-11-11,11:35:19
jMB7-v50hck,hd2160,0.5292254808,52.9,h88,2025-11-11,11:35:20
jMB7-v50hck,hd2160,0.532553734,53.3,h88,2025-11-11,11:35:21
jMB7-v50hck,hd2160,0.5420494633,54.2,h88,2025-11-11,11:35:22
jMB7-v50hck,hd2160,0.5420494633,54.2,h88,2025-11-11,11:35:23
jMB7-v50hck,hd2160,0.5420494633,54.2,h88,2025-11-11,11:35:24
jMB7-v50hck,hd2160,0.5531262315,55.3,h88,2025-11-11,11:35:25
jMB7-v50hck,hd2160,0.5531262315,55.3,h88,2025-11-11,11:35:26
jMB7-v50hck,hd2160,0.561036174,56.1,h88,2025-11-11,11:35:27
jMB7-v50hck,hd2160,0.561036174,56.1,h88,2025-11-11,11:35:28
jMB7-v50hck,hd2160,0.5727491561,57.3,h88,2025-11-11,11:35:29
jMB7-v50hck,hd2160,0.5727491561,57.3,h88,2025-11-11,11:35:30
jMB7-v50hck,hd2160,0.5793961666,57.9,h88,2025-11-11,11:35:31
jMB7-v50hck,hd2160,0.5793961666,57.9,h88,2025-11-11,11:35:32
jMB7-v50hck,hd2160,0.5936397605,59.4,h88,2025-11-11,11:35:33
jMB7-v50hck,hd2160,0.5936397605,59.4,h88,2025-11-11,11:35:34
jMB7-v50hck,hd2160,0.6013930235,60.1,h88,2025-11-11,11:35:35
jMB7-v50hck,hd2160,0.6097825003,61.0,h88,2025-11-11,11:35:36
jMB7-v50hck,hd2160,0.6097825003,61.0,h88,2025-11-11,11:35:37
jMB7-v50hck,hd2160,0.619439657,61.9,h88,2025-11-11,11:35:38
jMB7-v50hck,hd2160,0.619439657,61.9,h88,2025-11-11,11:35:39
jMB7-v50hck,hd2160,0.619439657,61.9,h88,2025-11-11,11:35:40
jMB7-v50hck,hd2160,0.6292487454,62.9,h88,2025-11-11,11:35:41
jMB7-v50hck,hd2160,0.6292487454,62.9,h88,2025-11-11,11:35:42
jMB7-v50hck,hd2160,0.6389011542,63.9,h88,2025-11-11,11:35:43
jMB7-v50hck,hd2160,0.6389011542,63.9,h88,2025-11-11,11:35:44
jMB7-v50hck,hd2160,0.649503136,65.0,h88,2025-11-11,11:35:45
jMB7-v50hck,hd2160,0.649503136,65.0,h88,2025-11-11,11:35:46
jMB7-v50hck,hd2160,0.6574178263,65.7,h88,2025-11-11,11:35:47
jMB7-v50hck,hd2160,0.6574178263,65.7,h88,2025-11-11,11:35:48
jMB7-v50hck,hd2160,0.667706449,66.8,h88,2025-11-11,11:35:49
jMB7-v50hck,hd2160,0.667706449,66.8,h88,2025-11-11,11:35:50
jMB7-v50hck,hd2160,0.6756211394,67.6,h88,2025-11-11,11:35:51
jMB7-v50hck,hd2160,0.6756211394,67.6,h88,2025-11-11,11:35:52
jMB7-v50hck,hd2160,0.6854349756,68.5,h88,2025-11-11,11:35:53
jMB7-v50hck,hd2160,0.6854349756,68.5,h88,2025-11-11,11:35:54
jMB7-v50hck,hd2160,0.6976179963,69.8,h88,2025-11-11,11:35:55
jMB7-v50hck,hd2160,0.7053712593,70.5,h88,2025-11-11,11:35:56
jMB7-v50hck,hd2160,0.7053712593,70.5,h88,2025-11-11,11:35:57
jMB7-v50hck,hd2160,0.7053712593,70.5,h88,2025-11-11,11:35:58
jMB7-v50hck,hd2160,0.716291348,71.6,h88,2025-11-11,11:35:59
jMB7-v50hck,hd2160,0.716291348,71.6,h88,2025-11-11,11:36:00
jMB7-v50hck,hd2160,0.7237312519,72.4,h88,2025-11-11,11:36:01
jMB7-v50hck,hd2160,0.7237312519,72.4,h88,2025-11-11,11:36:02
jMB7-v50hck,hd2160,0.7340198746,73.4,h88,2025-11-11,11:36:03
jMB7-v50hck,hd2160,0.7340198746,73.4,h88,2025-11-11,11:36:04
jMB7-v50hck,hd2160,0.7457281088,74.6,h88,2025-11-11,11:36:05
jMB7-v50hck,hd2160,0.7457281088,74.6,h88,2025-11-11,11:36:06
jMB7-v50hck,hd2160,0.7534861196,75.3,h88,2025-11-11,11:36:07
jMB7-v50hck,hd2160,0.7534861196,75.3,h88,2025-11-11,11:36:08
jMB7-v50hck,hd2160,0.7645628878,76.5,h88,2025-11-11,11:36:09
jMB7-v50hck,hd2160,0.7645628878,76.5,h88,2025-11-11,11:36:10
jMB7-v50hck,hd2160,0.7737405102,77.4,h88,2025-11-11,11:36:11
jMB7-v50hck,hd2160,0.7737405102,77.4,h88,2025-11-11,11:36:12
jMB7-v50hck,hd2160,0.7841858124,78.4,h88,2025-11-11,11:36:13
jMB7-v50hck,hd2160,0.7841858124,78.4,h88,2025-11-11,11:36:14
jMB7-v50hck,hd2160,0.7938382213,79.4,h88,2025-11-11,11:36:15
jMB7-v50hck,hd2160,0.7938382213,79.4,h88,2025-11-11,11:36:16
jMB7-v50hck,hd2160,0.8015962321,80.2,h88,2025-11-11,11:36:17
jMB7-v50hck,hd2160,0.8015962321,80.2,h88,2025-11-11,11:36:18
jMB7-v50hck,hd2160,0.8117234274,81.2,h88,2025-11-11,11:36:19
jMB7-v50hck,hd2160,0.8117234274,81.2,h88,2025-11-11,11:36:20
jMB7-v50hck,hd2160,0.8210624772,82.1,h88,2025-11-11,11:36:21
jMB7-v50hck,hd2160,0.8210624772,82.1,h88,2025-11-11,11:36:22
jMB7-v50hck,hd2160,0.8210624772,82.1,h88,2025-11-11,11:36:23
jMB7-v50hck,hd2160,0.8310329929,83.1,h88,2025-11-11,11:36:24
jMB7-v50hck,hd2160,0.8419530816,84.2,h88,2025-11-11,11:36:25
jMB7-v50hck,hd2160,0.8419530816,84.2,h88,2025-11-11,11:36:26
jMB7-v50hck,hd2160,0.8419530816,84.2,h88,2025-11-11,11:36:27
jMB7-v50hck,hd2160,0.8497063446,85.0,h88,2025-11-11,11:36:28
jMB7-v50hck,hd2160,0.8592020739,85.9,h88,2025-11-11,11:36:29
jMB7-v50hck,hd2160,0.8592020739,85.9,h88,2025-11-11,11:36:30
jMB7-v50hck,hd2160,0.8598335399,86.0,h88,2025-11-11,11:36:31
jMB7-v50hck,hd2160,0.8680663372,86.8,h88,2025-11-11,11:36:32
jMB7-v50hck,hd2160,0.8694906966,86.9,h88,2025-11-11,11:36:33
jMB7-v50hck,hd2160,0.8778801734,87.8,h88,2025-11-11,11:36:34
jMB7-v50hck,hd2160,0.8900631941,89.0,h88,2025-11-11,11:36:35
jMB7-v50hck,hd2160,0.8900631941,89.0,h88,2025-11-11,11:36:36
jMB7-v50hck,hd2160,0.8900631941,89.0,h88,2025-11-11,11:36:37
jMB7-v50hck,hd2160,0.8978212049,89.8,h88,2025-11-11,11:36:38
jMB7-v50hck,hd2160,0.8978212049,89.8,h88,2025-11-11,11:36:39
jMB7-v50hck,hd2160,0.9073169342,90.7,h88,2025-11-11,11:36:40
jMB7-v50hck,hd2160,0.9141206242,91.4,h88,2025-11-11,11:36:41
jMB7-v50hck,hd2160,0.9161764496,91.6,h88,2025-11-11,11:36:42
jMB7-v50hck,hd2160,0.9277280043,92.8,h88,2025-11-11,11:36:43
jMB7-v50hck,hd2160,0.9277280043,92.8,h88,2025-11-11,11:36:44
jMB7-v50hck,hd2160,0.9381733066,93.8,h88,2025-11-11,11:36:45
jMB7-v50hck,hd2160,0.9381733066,93.8,h88,2025-11-11,11:36:46
jMB7-v50hck,hd2160,0.9449817445,94.5,h88,2025-11-11,11:36:47
jMB7-v50hck,hd2160,0.9449817445,94.5,h88,2025-11-11,11:36:48
jMB7-v50hck,hd2160,0.9449817445,94.5,h88,2025-11-11,11:36:49
jMB7-v50hck,hd2160,0.9555837262,95.6,h88,2025-11-11,11:36:50
jMB7-v50hck,hd2160,0.9555837262,95.6,h88,2025-11-11,11:36:51
jMB7-v50hck,hd2160,0.96429131,96.4,h88,2025-11-11,11:36:52
jMB7-v50hck,hd2160,0.96429131,96.4,h88,2025-11-11,11:36:53
jMB7-v50hck,hd2160,0.9756861851,97.6,h88,2025-11-11,11:36:54
jMB7-v50hck,hd2160,0.9756861851,97.6,h88,2025-11-11,11:36:55
jMB7-v50hck,hd2160,0.9862881669,98.6,h88,2025-11-11,11:36:56
jMB7-v50hck,hd2160,0.9862881669,98.6,h88,2025-11-11,11:36:57
jMB7-v50hck,hd2160,0.9940414299,99.4,h88,2025-11-11,11:36:58
jMB7-v50hck,hd2160,0.9940414299,99.4,h88,2025-11-11,11:36:59
jMB7-v50hck,hd2160,1.0,100.0,h88,2025-11-11,11:37:00
jMB7-v50hck,hd2160,1.0,100.0,h88,2025-11-11,11:37:01
jMB7-v50hck,hd2160,1.0,100.0,h88,2025-11-11,11:37:02
jMB7-v50hck,hd2160,1.0,100.0,h88,2025-11-11,11:37:03
jMB7-v50hck,hd2160,1.0,100.0,h88,2025-11-11,11:37:04
jMB7-v50hck,hd2160,1.0,100.0,h88,2025-11-11,11:37:05
jMB7-v50hck,hd2160,1.0,100.0,h88,2025-11-11,11:37:06
jMB7-v50hck,hd2160,1.0,100.0,h88,2025-11-11,11:37:07
jMB7-v50hck,hd2160,1.0,100.0,h88,2025-11-11,11:37:08
jMB7-v50hck,hd2160,1.0,100.0,h88,2025-11-11,11:37:09
jMB7-v50hck,hd2160,1.0,100.0,h88,2025-11-11,11:37:10
jMB7-v50hck,hd2160,1.0,100.0,h88,2025-11-11,11:37:11
jMB7-v50hck,hd2160,1.0,100.0,h88,2025-11-11,11:37:12
jMB7-v50hck,hd2160,1.0,100.0,h88,2025-11-11,11:37:13
jMB7-v50hck,hd2160,1.0,100.0,h88,2025-11-11,11:37:14
jMB7-v50hck,hd2160,1.0,100.0,h88,2025-11-11,11:37:15
jMB7-v50hck,hd2160,1.0,100.0,h88,2025-11-11,11:37:16
jMB7-v50hck,hd2160,1.0,100.0,h88,2025-11-11,11:37:17
jMB7-v50hck,hd2160,1.0,100.0,h88,2025-11-11,11:37:18
jMB7-v50hck,hd2160,1.0,100.0,h88,2025-11-11,11:37:19
jMB7-v50hck,hd2160,1.0,100.0,h88,2025-11-11,11:37:20
jMB7-v50hck,hd2160,1.0,100.0,h88,2025-11-11,11:37:21
jMB7-v50hck,hd2160,1.0,100.0,h88,2025-11-11,11:37:22
jMB7-v50hck,hd2160,1.0,100.0,h88,2025-11-11,11:37:23
