Timestamp,NetworkMode,Level,Qual,SNR,DL_bitrate,UL_bitrate,State,EVENT,SecondCell_RSRP,SecondCell_RSRQ,SecondCell_SNR,id
2025.12.24_15.33.31,5G NSA,-100,-11,21.0,0,0,D,LOG START,-94,-10,15.0,h5
2025.12.24_15.33.31,5G NSA,-97,-11,21.0,0,0,D,PERIODIC,-96,-10,21.0,h5
2025.12.24_15.33.31,5G NSA,-97,-11,21.0,0,0,D,,-96,-10,21.0,h5
2025.12.24_15.33.32,5G NSA,-97,-11,21.0,0,0,I,PERIODIC,-96,-10,21.0,h5
2025.12.24_15.33.33,5G NSA,-97,-11,21.0,1,1,D,PERIODIC,-93,-8,13.0,h5
2025.12.24_15.33.34,5G NSA,-97,-11,18.0,0,0,D,PERIODIC,-93,-8,13.0,h5
2025.12.24_15.33.35,5G NSA,-100,-11,20.0,0,0,I,PERIODIC,-96,-13,13.0,h5
2025.12.24_15.33.36,5G NSA,-100,-11,20.0,0,0,I,PERIODIC,-96,-13,13.0,h5
2025.12.24_15.33.37,5G NSA,-102,-11,19.0,0,0,D,PERIODIC,-94,-11,13.0,h5
2025.12.24_15.33.38,5G NSA,-102,-11,19.0,0,0,I,PERIODIC,-94,-11,13.0,h5
2025.12.24_15.33.39,5G NSA,-102,-11,19.0,2,1,D,PERIODIC,-95,-12,13.0,h5
2025.12.24_15.33.40,5G NSA,-102,-11,19.0,0,0,D,PERIODIC,-95,-12,13.0,h5
2025.12.24_15.33.41,5G NSA,-102,-11,19.0,0,0,I,PERIODIC,-95,-12,13.0,h5
2025.12.24_15.33.42,5G NSA,-102,-11,19.0,2,2,D,PERIODIC,-95,-12,13.0,h5
2025.12.24_15.33.43,5G NSA,-102,-11,19.0,0,0,D,PERIODIC,-95,-14,13.0,h5
2025.12.24_15.33.44,5G NSA,-102,-11,19.0,20,0,D,PERIODIC,-95,-14,13.0,h5
2025.12.24_15.33.45,5G NSA,-103,-11,19.0,0,0,I,PERIODIC,-95,-12,11.0,h5
2025.12.24_15.33.46,5G NSA,-103,-11,19.0,0,0,I,PERIODIC,-95,-12,11.0,h5
2025.12.24_15.33.47,5G NSA,-101,-11,18.0,4,5,D,PERIODIC,-95,-9,12.0,h5
2025.12.24_15.33.48,5G NSA,-101,-11,19.0,0,0,D,PERIODIC,-95,-9,12.0,h5
2025.12.24_15.33.49,5G NSA,-99,-11,19.0,1,1,D,PERIODIC,-97,-11,13.0,h5
2025.12.24_15.33.50,5G NSA,-99,-11,19.0,0,0,D,PERIODIC,-97,-11,13.0,h5
2025.12.24_15.33.51,5G NSA,-99,-11,19.0,0,0,I,PERIODIC,-96,-12,13.0,h5
2025.12.24_15.33.52,5G NSA,-99,-11,19.0,7,10,D,PERIODIC,-96,-12,13.0,h5
2025.12.24_15.33.53,5G NSA,-99,-11,19.0,1,1,D,PERIODIC,-97,-11,13.0,h5
2025.12.24_15.33.54,5G NSA,-99,-11,19.0,0,0,D,PERIODIC,-97,-11,13.0,h5
2025.12.24_15.33.55,5G NSA,-99,-11,19.0,0,0,I,PERIODIC,-95,-11,13.0,h5
2025.12.24_15.33.56,5G NSA,-99,-11,19.0,0,0,I,PERIODIC,-95,-11,13.0,h5
2025.12.24_15.33.57,5G NSA,-99,-11,19.0,17,16,D,PERIODIC,-95,-14,13.0,h5
2025.12.24_15.33.58,5G NSA,-99,-11,19.0,18,20,D,PERIODIC,-95,-14,13.0,h5
2025.12.24_15.33.59,5G NSA,-99,-11,19.0,0,0,D,PERIODIC,-98,-11,13.0,h5
2025.12.24_15.34.00,5G NSA,-99,-11,18.0,0,5,D,PERIODIC,-98,-11,13.0,h5
2025.12.24_15.34.01,5G NSA,-102,-11,18.0,0,0,D,PERIODIC,-96,-13,12.0,h5
2025.12.24_15.34.02,5G NSA,-102,-11,18.0,8,11,D,PERIODIC,-96,-13,12.0,h5
2025.12.24_15.34.03,5G NSA,-102,-11,18.0,4,4,D,PERIODIC,-96,-10,10.0,h5
2025.12.24_15.34.04,5G NSA,-102,-11,18.0,85434,9119,D,PERIODIC,-96,-10,10.0,h5
2025.12.24_15.34.05,5G NSA,-102,-11,18.0,4,4,D,PERIODIC,-96,-10,10.0,h5
2025.12.24_15.34.06,5G NSA,-102,-11,18.0,0,0,D,PERIODIC,-96,-10,10.0,h5
2025.12.24_15.34.07,5G NSA,-102,-11,18.0,0,0,I,PERIODIC,-95,-11,10.0,h5
2025.12.24_15.34.08,5G NSA,-102,-11,18.0,2,2,D,PERIODIC,-95,-11,10.0,h5
2025.12.24_15.34.09,5G NSA,-102,-11,18.0,192243,1605,D,PERIODIC,-95,-11,10.0,h5
2025.12.24_15.34.10,5G NSA,-101,-11,18.0,0,0,D,PERIODIC,-95,-10,9.0,h5
2025.12.24_15.34.11,5G NSA,-101,-11,18.0,0,0,I,PERIODIC,-96,-10,9.0,h5
2025.12.24_15.34.12,5G NSA,-101,-11,18.0,0,0,I,PERIODIC,-96,-10,9.0,h5
2025.12.24_15.34.13,5G NSA,-102,-11,18.0,4,4,D,PERIODIC,-96,-10,16.0,h5
2025.12.24_15.34.14,5G NSA,-102,-11,18.0,104485,854,D,PERIODIC,-96,-10,16.0,h5
2025.12.24_15.34.15,5G NSA,-102,-11,18.0,0,0,D,PERIODIC,-94,-9,16.0,h5
2025.12.24_15.34.16,5G NSA,-102,-11,18.0,0,0,I,PERIODIC,-94,-9,16.0,h5
2025.12.24_15.34.17,5G NSA,-97,-11,20.0,4,4,D,PERIODIC,-94,-10,15.0,h5
2025.12.24_15.34.18,5G NSA,-97,-11,18.0,0,0,D,PERIODIC,-94,-10,15.0,h5
2025.12.24_15.34.19,5G NSA,-99,-11,18.0,0,0,I,PERIODIC,-94,-13,13.0,h5
2025.12.24_15.34.20,5G NSA,-99,-11,18.0,0,0,D,PERIODIC,-94,-13,13.0,h5
2025.12.24_15.34.21,5G NSA,-99,-11,18.0,0,0,I,PERIODIC,-95,-13,13.0,h5
2025.12.24_15.34.22,5G NSA,-99,-11,20.0,0,0,I,PERIODIC,-95,-13,13.0,h5
2025.12.24_15.34.23,5G NSA,-97,-11,20.0,0,0,I,PERIODIC,-95,-12,9.0,h5
2025.12.24_15.34.24,5G NSA,-97,-11,19.0,0,0,I,PERIODIC,-95,-12,9.0,h5
2025.12.24_15.34.25,5G NSA,-99,-11,19.0,0,0,D,PERIODIC,-94,-12,11.0,h5
2025.12.24_15.34.26,5G NSA,-99,-11,19.0,3,3,D,PERIODIC,-94,-12,11.0,h5
2025.12.24_15.34.27,5G NSA,-96,-11,17.0,6,6,D,PERIODIC,-96,-13,14.0,h5
2025.12.24_15.34.28,5G NSA,-96,-11,17.0,1,1,D,PERIODIC,-96,-13,14.0,h5
2025.12.24_15.34.29,5G NSA,-99,-11,18.0,64502,3732,D,PERIODIC,-97,-13,12.0,h5
2025.12.24_15.34.30,5G NSA,-99,-11,18.0,0,0,D,PERIODIC,-97,-13,12.0,h5
2025.12.24_15.34.31,5G NSA,-98,-11,18.0,0,0,I,PERIODIC,-98,-10,11.0,h5
2025.12.24_15.34.32,5G NSA,-98,-11,18.0,0,0,I,PERIODIC,-98,-10,11.0,h5
2025.12.24_15.34.33,5G NSA,-98,-11,19.0,0,0,I,PERIODIC,-97,-10,11.0,h5
2025.12.24_15.34.34,5G NSA,-98,-11,19.0,109398,795,D,PERIODIC,-97,-10,11.0,h5
2025.12.24_15.34.35,5G NSA,-98,-11,19.0,0,0,D,PERIODIC,-97,-10,11.0,h5
2025.12.24_15.34.36,5G NSA,-98,-11,19.0,0,0,I,PERIODIC,-97,-10,11.0,h5
2025.12.24_15.34.37,5G NSA,-98,-11,19.0,0,0,I,PERIODIC,-97,-10,11.0,h5
2025.12.24_15.34.38,5G NSA,-100,-11,19.0,0,0,I,PERIODIC,-96,-9,12.0,h5
2025.12.24_15.34.39,5G NSA,-100,-11,19.0,103922,820,D,PERIODIC,-96,-9,12.0,h5
2025.12.24_15.34.40,5G NSA,-100,-11,18.0,0,0,D,PERIODIC,-95,-12,14.0,h5
2025.12.24_15.34.41,5G NSA,-100,-11,18.0,0,0,I,PERIODIC,-95,-12,14.0,h5
2025.12.24_15.34.42,5G NSA,-100,-11,18.0,2,2,D,PERIODIC,-96,-11,14.0,h5
2025.12.24_15.34.43,5G NSA,-100,-11,18.0,0,0,D,PERIODIC,-96,-11,14.0,h5
2025.12.24_15.34.44,5G NSA,-100,-11,18.0,72094,611,D,PERIODIC,-95,-14,14.0,h5
2025.12.24_15.34.45,5G NSA,-100,-11,18.0,6,5,D,PERIODIC,-95,-14,14.0,h5
2025.12.24_15.34.46,5G NSA,-100,-11,18.0,0,0,D,PERIODIC,-96,-12,14.0,h5
2025.12.24_15.34.47,5G NSA,-100,-11,18.0,4,4,D,PERIODIC,-96,-12,14.0,h5
2025.12.24_15.34.48,5G NSA,-100,-11,18.0,0,0,D,PERIODIC,-95,-7,14.0,h5
2025.12.24_15.34.49,5G NSA,-100,-11,18.0,98444,2023,D,PERIODIC,-95,-7,14.0,h5
2025.12.24_15.34.50,5G NSA,-100,-11,18.0,0,0,D,PERIODIC,-95,-12,14.0,h5
2025.12.24_15.34.51,5G NSA,-100,-11,18.0,0,0,I,PERIODIC,-95,-12,14.0,h5
2025.12.24_15.34.52,5G NSA,-100,-11,18.0,0,0,I,PERIODIC,-95,-10,14.0,h5
2025.12.24_15.34.53,5G NSA,-100,-11,18.0,1,1,D,PERIODIC,-95,-10,14.0,h5
2025.12.24_15.34.54,5G NSA,-100,-11,18.0,0,692,D,PERIODIC,-96,-14,14.0,h5
2025.12.24_15.34.55,5G NSA,-100,-11,18.0,0,0,D,PERIODIC,-96,-14,14.0,h5
2025.12.24_15.34.56,5G NSA,-100,-11,18.0,0,0,I,PERIODIC,-96,-14,14.0,h5
2025.12.24_15.34.57,5G NSA,-100,-11,19.0,7,10,D,PERIODIC,-96,-8,14.0,h5
2025.12.24_15.34.58,5G NSA,-100,-11,18.0,0,0,D,PERIODIC,-96,-8,14.0,h5
2025.12.24_15.34.59,5G NSA,-100,-11,18.0,62564,487,D,PERIODIC,-96,-11,13.0,h5
2025.12.24_15.35.00,5G NSA,-100,-11,18.0,0,0,D,PERIODIC,-96,-10,13.0,h5
2025.12.24_15.35.01,5G NSA,-100,-11,19.0,0,0,I,PERIODIC,-96,-10,13.0,h5
2025.12.24_15.35.02,5G NSA,-99,-11,19.0,127,76,D,PERIODIC,-95,-14,12.0,h5
2025.12.24_15.35.03,5G NSA,-99,-11,19.0,0,2,D,PERIODIC,-95,-14,12.0,h5
2025.12.24_15.35.04,5G NSA,-100,-11,19.0,0,0,D,PERIODIC,-95,-12,13.0,h5
2025.12.24_15.35.05,5G NSA,-100,-11,19.0,101771,1666,D,PERIODIC,-95,-12,13.0,h5
2025.12.24_15.35.06,5G NSA,-100,-11,20.0,0,0,I,PERIODIC,-95,-12,13.0,h5
2025.12.24_15.35.07,5G NSA,-100,-11,20.0,0,0,I,PERIODIC,-96,-14,12.0,h5
2025.12.24_15.35.08,5G NSA,-100,-11,20.0,0,1,D,PERIODIC,-96,-14,12.0,h5
2025.12.24_15.35.09,5G NSA,-100,-11,20.0,63807,890,D,PERIODIC,-96,-15,10.0,h5
2025.12.24_15.35.10,5G NSA,-100,-11,20.0,0,0,D,PERIODIC,-96,-15,10.0,h5
2025.12.24_15.35.11,5G NSA,-100,-11,20.0,0,0,I,PERIODIC,-95,-13,10.0,h5
2025.12.24_15.35.12,5G NSA,-100,-11,20.0,7,8,D,PERIODIC,-95,-13,10.0,h5
2025.12.24_15.35.13,5G NSA,-99,-11,20.0,0,0,D,PERIODIC,-95,-12,11.0,h5
2025.12.24_15.35.14,5G NSA,-99,-11,20.0,105584,777,D,PERIODIC,-95,-12,11.0,h5
2025.12.24_15.35.15,5G NSA,-99,-11,20.0,0,0,D,PERIODIC,-95,-14,11.0,h5
2025.12.24_15.35.16,5G NSA,-99,-11,20.0,0,0,I,PERIODIC,-95,-14,11.0,h5
2025.12.24_15.35.17,5G NSA,-99,-11,20.0,0,0,I,PERIODIC,-95,-13,11.0,h5
2025.12.24_15.35.18,5G NSA,-99,-11,20.0,0,0,I,PERIODIC,-95,-13,11.0,h5
2025.12.24_15.35.19,5G NSA,-100,-11,20.0,72187,587,D,PERIODIC,-96,-14,9.0,h5
2025.12.24_15.35.20,5G NSA,-100,-11,20.0,0,0,D,PERIODIC,-96,-14,9.0,h5
2025.12.24_15.35.21,5G NSA,-100,-11,20.0,0,0,I,PERIODIC,-96,-12,9.0,h5
2025.12.24_15.35.22,5G NSA,-100,-11,19.0,0,0,I,PERIODIC,-96,-12,9.0,h5
2025.12.24_15.35.23,5G NSA,-101,-11,19.0,0,0,I,PERIODIC,-95,-13,12.0,h5
2025.12.24_15.35.24,5G NSA,-101,-11,19.0,112700,771,D,PERIODIC,-95,-13,12.0,h5
2025.12.24_15.35.25,5G NSA,-101,-11,19.0,0,0,D,PERIODIC,-96,-13,12.0,h5
2025.12.24_15.35.26,5G NSA,-101,-11,19.0,5,6,D,PERIODIC,-96,-13,12.0,h5
2025.12.24_15.35.27,5G NSA,-100,-11,19.0,20,21,D,PERIODIC,-96,-12,12.0,h5
2025.12.24_15.35.28,5G NSA,-100,-11,19.0,13,13,D,PERIODIC,-96,-12,12.0,h5
2025.12.24_15.35.29,5G NSA,-100,-11,19.0,0,0,D,PERIODIC,-96,-14,12.0,h5
2025.12.24_15.35.30,5G NSA,-100,-11,19.0,0,0,D,PERIODIC,-96,-14,12.0,h5
2025.12.24_15.35.31,5G NSA,-100,-11,19.0,0,0,I,PERIODIC,-96,-14,12.0,h5
2025.12.24_15.35.32,5G NSA,-100,-11,19.0,2,1,D,PERIODIC,-96,-14,12.0,h5
2025.12.24_15.35.33,5G NSA,-100,-11,19.0,0,1,D,PERIODIC,-97,-15,12.0,h5
2025.12.24_15.35.34,5G NSA,-100,-11,19.0,65936,548,D,PERIODIC,-97,-15,12.0,h5
2025.12.24_15.35.35,5G NSA,-100,-11,19.0,0,0,D,PERIODIC,-96,-14,12.0,h5
2025.12.24_15.35.36,5G NSA,-100,-11,19.0,0,0,I,PERIODIC,-96,-14,12.0,h5
2025.12.24_15.35.37,5G NSA,-100,-11,19.0,0,0,I,PERIODIC,-96,-11,12.0,h5
2025.12.24_15.35.38,5G NSA,-100,-11,19.0,0,0,I,PERIODIC,-96,-11,12.0,h5
2025.12.24_15.35.39,5G NSA,-100,-11,19.0,99168,737,D,PERIODIC,-96,-11,12.0,h5
2025.12.24_15.35.40,5G NSA,-100,-11,19.0,0,0,D,PERIODIC,-96,-11,12.0,h5
2025.12.24_15.35.41,5G NSA,-100,-11,19.0,0,0,I,PERIODIC,-96,-14,12.0,h5
2025.12.24_15.35.42,5G NSA,-100,-11,19.0,2,2,D,PERIODIC,-96,-14,12.0,h5
2025.12.24_15.35.43,5G NSA,-100,-11,20.0,0,0,D,PERIODIC,-96,-12,13.0,h5
2025.12.24_15.35.44,5G NSA,-100,-11,19.0,0,0,I,PERIODIC,-96,-12,13.0,h5
2025.12.24_15.35.45,5G NSA,-100,-11,19.0,67046,523,D,PERIODIC,-96,-13,11.0,h5
2025.12.24_15.35.46,5G NSA,-100,-11,19.0,0,2,D,PERIODIC,-96,-13,11.0,h5
2025.12.24_15.35.47,5G NSA,-100,-11,19.0,0,0,D,PERIODIC,-95,-13,11.0,h5
2025.12.24_15.35.48,5G NSA,-100,-11,19.0,8,0,D,PERIODIC,-95,-13,11.0,h5
2025.12.24_15.35.49,5G NSA,-100,-11,19.0,103038,1275,D,PERIODIC,-96,-14,11.0,h5
2025.12.24_15.35.50,5G NSA,-100,-11,20.0,0,0,D,PERIODIC,-96,-14,11.0,h5
2025.12.24_15.35.51,5G NSA,-100,-11,20.0,0,0,I,PERIODIC,-96,-12,12.0,h5
2025.12.24_15.35.52,5G NSA,-100,-11,20.0,0,0,I,PERIODIC,-96,-12,12.0,h5
2025.12.24_15.35.53,5G NSA,-100,-11,20.0,0,0,I,PERIODIC,-96,-9,14.0,h5
2025.12.24_15.35.54,5G NSA,-100,-11,20.0,74969,533,D,PERIODIC,-96,-9,14.0,h5
2025.12.24_15.35.55,5G NSA,-100,-11,20.0,0,0,D,PERIODIC,-97,-11,14.0,h5
2025.12.24_15.35.56,5G NSA,-100,-11,20.0,1,1,D,PERIODIC,-97,-11,14.0,h5
2025.12.24_15.35.57,5G NSA,-100,-11,20.0,7,7,D,PERIODIC,-96,-14,14.0,h5
2025.12.24_15.35.58,5G NSA,-100,-11,20.0,0,0,D,PERIODIC,-96,-14,14.0,h5
2025.12.24_15.35.59,5G NSA,-100,-11,20.0,106333,771,D,PERIODIC,-97,-11,9.0,h5
2025.12.24_15.36.00,5G NSA,-100,-11,20.0,0,0,D,PERIODIC,-97,-11,9.0,h5
2025.12.24_15.36.01,5G NSA,-99,-11,20.0,0,0,I,PERIODIC,-95,-13,12.0,h5
2025.12.24_15.36.02,5G NSA,-99,-11,20.0,9,11,D,PERIODIC,-95,-13,12.0,h5
2025.12.24_15.36.03,5G NSA,-99,-11,20.0,3,3,D,PERIODIC,-96,-12,12.0,h5
2025.12.24_15.36.04,5G NSA,-99,-11,20.0,0,0,D,PERIODIC,-96,-12,12.0,h5
2025.12.24_15.36.05,5G NSA,-100,-11,19.0,0,0,D,PERIODIC,-95,-10,13.0,h5
2025.12.24_15.36.06,5G NSA,-100,-11,19.0,0,0,I,PERIODIC,-95,-10,13.0,h5
2025.12.24_15.36.07,5G NSA,-100,-11,19.0,0,0,I,PERIODIC,-95,-11,12.0,h5
2025.12.24_15.36.08,5G NSA,-100,-11,19.0,0,4,D,PERIODIC,-95,-11,12.0,h5
2025.12.24_15.36.09,5G NSA,-100,-11,19.0,0,719,D,PERIODIC,-95,-10,13.0,h5
2025.12.24_15.36.10,5G NSA,-100,-11,19.0,0,0,D,PERIODIC,-95,-10,13.0,h5
2025.12.24_15.36.11,5G NSA,-99,-11,19.0,2,2,D,PERIODIC,-95,-8,10.0,h5
2025.12.24_15.36.12,5G NSA,-99,-11,19.0,28,26,D,PERIODIC,-95,-8,10.0,h5
2025.12.24_15.36.13,5G NSA,-98,-11,19.0,0,0,D,PERIODIC,-95,-13,10.0,h5
2025.12.24_15.36.14,5G NSA,-98,-11,19.0,97686,852,D,PERIODIC,-95,-13,10.0,h5
2025.12.24_15.36.15,5G NSA,-100,-11,19.0,0,0,D,PERIODIC,-94,-12,14.0,h5
2025.12.24_15.36.16,5G NSA,-100,-11,20.0,2,2,D,PERIODIC,-94,-12,14.0,h5
2025.12.24_15.36.17,5G NSA,-97,-11,20.0,0,0,I,PERIODIC,-94,-14,13.0,h5
2025.12.24_15.36.18,5G NSA,-97,-11,20.0,1,1,D,PERIODIC,-94,-14,13.0,h5
2025.12.24_15.36.19,5G NSA,-99,-11,20.0,0,826,D,PERIODIC,-96,-14,14.0,h5
2025.12.24_15.36.20,5G NSA,-99,-11,20.0,0,0,I,PERIODIC,-96,-14,14.0,h5
2025.12.24_15.36.21,5G NSA,-99,-11,20.0,0,0,D,PERIODIC,-95,-12,14.0,h5
2025.12.24_15.36.22,5G NSA,-99,-11,20.0,0,0,I,PERIODIC,-95,-12,14.0,h5
2025.12.24_15.36.23,5G NSA,-99,-11,19.0,0,0,I,PERIODIC,-95,-13,13.0,h5
2025.12.24_15.36.24,5G NSA,-99,-11,20.0,67925,515,D,PERIODIC,-95,-13,13.0,h5
2025.12.24_15.36.25,5G NSA,-97,-11,19.0,0,0,I,PERIODIC,-95,-12,10.0,h5
2025.12.24_15.36.26,5G NSA,-97,-11,19.0,3,3,D,PERIODIC,-95,-12,10.0,h5
2025.12.24_15.36.27,5G NSA,-97,-11,19.0,11,13,D,PERIODIC,-96,-13,10.0,h5
2025.12.24_15.36.28,5G NSA,-97,-11,19.0,0,0,D,PERIODIC,-96,-13,10.0,h5
2025.12.24_15.36.29,5G NSA,-97,-11,19.0,0,0,D,PERIODIC,-96,-12,10.0,h5
2025.12.24_15.36.30,5G NSA,-97,-11,19.0,79877,3162,D,PERIODIC,-96,-12,10.0,h5
2025.12.24_15.36.31,5G NSA,-97,-11,19.0,0,0,I,PERIODIC,-96,-13,10.0,h5
2025.12.24_15.36.32,5G NSA,-97,-11,19.0,0,0,I,PERIODIC,-96,-13,10.0,h5
2025.12.24_15.36.33,5G NSA,-96,-11,20.0,0,0,I,PERIODIC,-94,-14,12.0,h5
2025.12.24_15.36.34,5G NSA,-96,-11,22.0,105286,754,D,PERIODIC,-94,-14,12.0,h5
2025.12.24_15.36.35,5G NSA,-95,-11,22.0,0,0,I,PERIODIC,-95,-12,12.0,h5
2025.12.24_15.36.36,5G NSA,-95,-11,22.0,0,0,I,PERIODIC,-95,-12,12.0,h5
2025.12.24_15.36.37,5G NSA,-95,-11,22.0,0,0,I,PERIODIC,-95,-11,12.0,h5
2025.12.24_15.36.38,5G NSA,-95,-11,20.0,13,16,D,PERIODIC,-95,-11,12.0,h5
2025.12.24_15.36.39,5G NSA,-96,-11,19.0,97571,723,D,PERIODIC,-98,-12,9.0,h5
2025.12.24_15.36.40,5G NSA,-96,-11,19.0,0,0,I,PERIODIC,-98,-12,9.0,h5
2025.12.24_15.36.41,5G NSA,-96,-11,19.0,0,0,I,PERIODIC,-94,-11,9.0,h5
2025.12.24_15.36.42,5G NSA,-96,-11,19.0,0,3,D,PERIODIC,-94,-11,9.0,h5
2025.12.24_15.36.43,5G NSA,-95,-11,19.0,0,0,D,PERIODIC,-98,-10,11.0,h5
2025.12.24_15.36.44,5G NSA,-95,-11,20.0,67451,589,D,PERIODIC,-98,-10,11.0,h5
2025.12.24_15.36.45,5G NSA,-96,-11,20.0,0,0,I,PERIODIC,-97,-10,16.0,h5
2025.12.24_15.36.46,5G NSA,-96,-11,20.0,0,4,D,PERIODIC,-97,-10,16.0,h5
2025.12.24_15.36.47,5G NSA,-96,-11,20.0,2,2,D,PERIODIC,-95,-10,16.0,h5
2025.12.24_15.36.48,5G NSA,-96,-11,19.0,1,1,D,PERIODIC,-95,-10,16.0,h5
2025.12.24_15.36.49,5G NSA,-96,-11,20.0,98965,1205,D,PERIODIC,-96,-11,16.0,h5
2025.12.24_15.36.50,5G NSA,-96,-11,20.0,0,0,I,PERIODIC,-96,-11,16.0,h5
2025.12.24_15.36.51,5G NSA,-96,-11,20.0,0,0,I,PERIODIC,-96,-11,16.0,h5
2025.12.24_15.36.52,5G NSA,-96,-11,20.0,0,0,I,PERIODIC,-96,-11,16.0,h5
2025.12.24_15.36.53,5G NSA,-96,-11,20.0,8,11,D,PERIODIC,-96,-10,16.0,h5
2025.12.24_15.36.54,5G NSA,-96,-11,20.0,104354,719,D,PERIODIC,-96,-10,16.0,h5
2025.12.24_15.36.55,5G NSA,-94,-11,20.0,0,0,I,PERIODIC,-95,-14,13.0,h5
2025.12.24_15.36.56,5G NSA,-94,-11,20.0,0,0,I,PERIODIC,-95,-14,13.0,h5
2025.12.24_15.36.57,5G NSA,-94,-11,23.0,4,4,D,PERIODIC,-95,-10,13.0,h5
2025.12.24_15.36.58,5G NSA,-94,-11,19.0,0,0,D,PERIODIC,-95,-10,13.0,h5
2025.12.24_15.36.59,5G NSA,-97,-11,19.0,0,491,D,PERIODIC,-95,-16,11.0,h5
2025.12.24_15.37.00,5G NSA,-97,-11,19.0,0,0,I,PERIODIC,-95,-16,11.0,h5
2025.12.24_15.37.01,5G NSA,-97,-11,19.0,0,0,I,PERIODIC,-95,-10,11.0,h5
2025.12.24_15.37.02,5G NSA,-97,-11,21.0,3,3,D,PERIODIC,-95,-10,11.0,h5
2025.12.24_15.37.03,5G NSA,-96,-11,21.0,2,3,D,PERIODIC,-93,-13,13.0,h5
2025.12.24_15.37.04,5G NSA,-96,-11,20.0,76088,1367,D,PERIODIC,-93,-13,13.0,h5
2025.12.24_15.37.05,5G NSA,-98,-11,22.0,0,0,I,PERIODIC,-94,-13,14.0,h5
2025.12.24_15.37.06,5G NSA,-98,-11,19.0,0,0,I,PERIODIC,-94,-13,14.0,h5
2025.12.24_15.37.07,5G NSA,-97,-11,21.0,0,0,I,PERIODIC,-93,-14,13.0,h5
2025.12.24_15.37.08,5G NSA,-97,-11,21.0,0,0,D,PERIODIC,-93,-14,13.0,h5
2025.12.24_15.37.09,5G NSA,-97,-11,21.0,103207,1006,D,PERIODIC,-94,-13,13.0,h5
2025.12.24_15.37.10,5G NSA,-97,-11,21.0,0,0,I,PERIODIC,-94,-13,13.0,h5
2025.12.24_15.37.11,5G NSA,-97,-11,21.0,0,0,D,PERIODIC,-94,-14,13.0,h5
2025.12.24_15.37.12,5G NSA,-97,-11,21.0,7,9,D,PERIODIC,-94,-14,13.0,h5
2025.12.24_15.37.13,5G NSA,-96,-11,21.0,3,3,D,PERIODIC,-93,-10,15.0,h5
2025.12.24_15.37.14,5G NSA,-96,-11,21.0,101432,811,D,PERIODIC,-93,-10,15.0,h5
2025.12.24_15.37.15,5G NSA,-96,-11,21.0,0,0,I,PERIODIC,-93,-11,15.0,h5
2025.12.24_15.37.16,5G NSA,-96,-11,21.0,0,0,I,PERIODIC,-93,-11,15.0,h5
2025.12.24_15.37.17,5G NSA,-96,-11,21.0,0,0,I,PERIODIC,-93,-12,15.0,h5
2025.12.24_15.37.18,5G NSA,-96,-11,21.0,0,0,I,PERIODIC,-93,-12,15.0,h5
2025.12.24_15.37.19,5G NSA,-99,-11,20.0,64549,512,D,PERIODIC,-93,-12,16.0,h5
2025.12.24_15.37.20,5G NSA,-99,-11,20.0,0,1,D,PERIODIC,-93,-12,16.0,h5
2025.12.24_15.37.21,5G NSA,-98,-11,20.0,0,0,I,PERIODIC,-93,-12,15.0,h5
2025.12.24_15.37.22,5G NSA,-98,-11,20.0,0,0,I,PERIODIC,-93,-12,15.0,h5
2025.12.24_15.37.23,5G NSA,-98,-11,20.0,0,0,I,PERIODIC,-94,-12,15.0,h5
2025.12.24_15.37.24,5G NSA,-98,-11,20.0,106107,849,D,PERIODIC,-94,-12,15.0,h5
2025.12.24_15.37.25,5G NSA,-98,-11,19.0,1,1,D,PERIODIC,-94,-12,11.0,h5
2025.12.24_15.37.26,5G NSA,-98,-11,19.0,4,4,D,PERIODIC,-94,-12,11.0,h5
2025.12.24_15.37.27,5G NSA,-98,-11,19.0,3,3,D,PERIODIC,-95,-11,11.0,h5
2025.12.24_15.37.28,5G NSA,-98,-11,19.0,0,0,D,PERIODIC,-95,-11,11.0,h5
2025.12.24_15.37.29,5G NSA,-98,-11,20.0,111842,3451,D,PERIODIC,-93,-11,15.0,h5
2025.12.24_15.37.30,5G NSA,-98,-11,20.0,1,1,D,PERIODIC,-93,-11,15.0,h5
2025.12.24_15.37.31,5G NSA,-98,-11,20.0,0,0,I,PERIODIC,-95,-8,15.0,h5
2025.12.24_15.37.32,5G NSA,-98,-11,20.0,0,0,I,PERIODIC,-95,-8,15.0,h5
2025.12.24_15.37.33,5G NSA,-97,-11,20.0,0,0,I,PERIODIC,-94,-11,12.0,h5
2025.12.24_15.37.34,5G NSA,-97,-11,20.0,67400,514,D,PERIODIC,-94,-11,12.0,h5
2025.12.24_15.37.35,5G NSA,-97,-11,19.0,0,0,I,PERIODIC,-94,-11,12.0,h5
2025.12.24_15.37.36,5G NSA,-100,-11,19.0,0,0,I,PERIODIC,-95,-11,12.0,h5
2025.12.24_15.37.37,5G NSA,-98,-11,19.0,1,1,D,PERIODIC,-95,-10,14.0,h5
2025.12.24_15.37.38,5G NSA,-98,-11,19.0,0,0,I,PERIODIC,-95,-10,14.0,h5
2025.12.24_15.37.39,5G NSA,-97,-11,19.0,99848,742,D,PERIODIC,-95,-13,14.0,h5
2025.12.24_15.37.40,5G NSA,-97,-11,19.0,0,0,I,PERIODIC,-95,-13,14.0,h5
2025.12.24_15.37.41,5G NSA,-97,-11,19.0,0,0,I,PERIODIC,-95,-13,14.0,h5
2025.12.24_15.37.42,5G NSA,-98,-11,19.0,2,3,D,PERIODIC,-94,-11,14.0,h5
2025.12.24_15.37.43,5G NSA,-98,-11,19.0,0,0,D,PERIODIC,-95,-11,14.0,h5
2025.12.24_15.37.44,5G NSA,-98,-11,19.0,77824,636,D,PERIODIC,-95,-11,14.0,h5
2025.12.24_15.37.45,5G NSA,-98,-11,19.0,0,0,I,PERIODIC,-95,-12,14.0,h5
2025.12.24_15.37.46,5G NSA,-98,-11,19.0,4,4,D,PERIODIC,-95,-12,14.0,h5
2025.12.24_15.37.47,5G NSA,-98,-11,19.0,0,2,D,PERIODIC,-95,-12,14.0,h5
2025.12.24_15.37.48,5G NSA,-97,-11,19.0,0,0,I,PERIODIC,-98,-15,14.0,h5
2025.12.24_15.37.49,5G NSA,-98,-11,20.0,102706,1237,D,PERIODIC,-96,-11,12.0,h5
2025.12.24_15.37.50,5G NSA,-98,-11,20.0,0,0,I,PERIODIC,-96,-11,12.0,h5
2025.12.24_15.37.51,5G NSA,-98,-11,19.0,0,0,I,PERIODIC,-95,-13,15.0,h5
2025.12.24_15.37.52,5G NSA,-98,-11,19.0,1,1,D,PERIODIC,-95,-13,15.0,h5
2025.12.24_15.37.53,5G NSA,-97,-11,18.0,0,0,D,PERIODIC,-96,-13,15.0,h5
2025.12.24_15.37.54,5G NSA,-97,-11,18.0,63422,489,D,PERIODIC,-96,-13,15.0,h5
2025.12.24_15.37.55,5G NSA,-97,-11,18.0,0,0,I,PERIODIC,-96,-13,15.0,h5
2025.12.24_15.37.56,5G NSA,-97,-11,19.0,0,0,I,PERIODIC,-96,-13,15.0,h5
2025.12.24_15.37.57,5G NSA,-97,-11,20.0,7,9,D,PERIODIC,-95,-14,14.0,h5
2025.12.24_15.37.58,5G NSA,-97,-11,19.0,0,0,D,PERIODIC,-95,-14,14.0,h5
2025.12.24_15.37.59,5G NSA,-96,-11,19.0,99802,736,D,PERIODIC,-98,-14,14.0,h5
2025.12.24_15.38.00,5G NSA,-96,-11,19.0,0,0,I,PERIODIC,-98,-14,14.0,h5
2025.12.24_15.38.01,5G NSA,-98,-11,20.0,0,0,I,PERIODIC,-96,-12,13.0,h5
2025.12.24_15.38.02,5G NSA,-98,-11,20.0,2,2,D,PERIODIC,-96,-12,13.0,h5
2025.12.24_15.38.03,5G NSA,-98,-11,20.0,2,2,D,PERIODIC,-92,-9,13.0,h5
2025.12.24_15.38.04,5G NSA,-98,-11,19.0,102996,1539,D,PERIODIC,-92,-9,13.0,h5
2025.12.24_15.38.05,5G NSA,-99,-11,20.0,0,1,D,PERIODIC,-92,-9,15.0,h5
2025.12.24_15.38.06,5G NSA,-99,-11,20.0,0,0,I,PERIODIC,-92,-9,15.0,h5
2025.12.24_15.38.07,5G NSA,-92,-11,22.0,0,0,I,PERIODIC,-94,-11,20.0,h5
2025.12.24_15.38.08,5G NSA,-92,-11,22.0,0,0,I,PERIODIC,-94,-11,20.0,h5
2025.12.24_15.38.09,5G NSA,-96,-11,22.0,63967,808,D,PERIODIC,-93,-10,20.0,h5
2025.12.24_15.38.10,5G NSA,-96,-11,22.0,0,0,I,PERIODIC,-93,-10,20.0,h5
2025.12.24_15.38.11,5G NSA,-98,-11,19.0,0,0,I,PERIODIC,-94,-11,18.0,h5
2025.12.24_15.38.12,5G NSA,-98,-11,19.0,0,9,D,PERIODIC,-94,-11,18.0,h5
2025.12.24_15.38.13,5G NSA,-98,-11,19.0,0,0,D,PERIODIC,-95,-10,18.0,h5
2025.12.24_15.38.14,5G NSA,-98,-11,19.0,0,727,D,PERIODIC,-95,-10,18.0,h5
2025.12.24_15.38.15,5G NSA,-98,-11,19.0,0,0,I,PERIODIC,-94,-12,18.0,h5
2025.12.24_15.38.16,5G NSA,-98,-11,19.0,0,0,I,PERIODIC,-94,-12,18.0,h5
2025.12.24_15.38.17,5G NSA,-98,-11,19.0,0,0,I,PERIODIC,-95,-10,18.0,h5
2025.12.24_15.38.18,5G NSA,-98,-11,19.0,0,0,I,PERIODIC,-95,-10,18.0,h5
2025.12.24_15.38.19,5G NSA,-98,-11,19.0,72130,547,D,PERIODIC,-93,-11,18.0,h5
2025.12.24_15.38.20,5G NSA,-98,-11,19.0,0,0,I,PERIODIC,-93,-11,18.0,h5
2025.12.24_15.38.21,5G NSA,-98,-11,19.0,0,0,I,PERIODIC,-97,-13,18.0,h5
2025.12.24_15.38.22,5G NSA,-98,-11,20.0,0,0,I,PERIODIC,-97,-13,18.0,h5
2025.12.24_15.38.23,5G NSA,-96,-11,19.0,0,1,D,PERIODIC,-94,-14,15.0,h5
2025.12.24_15.38.24,5G NSA,-96,-11,19.0,110201,798,D,PERIODIC,-94,-14,15.0,h5
2025.12.24_15.38.25,5G NSA,-96,-11,19.0,0,2,D,PERIODIC,-94,-14,15.0,h5
2025.12.24_15.38.26,5G NSA,-97,-11,19.0,7,8,D,PERIODIC,-94,-11,17.0,h5
2025.12.24_15.38.27,5G NSA,-97,-11,19.0,6,6,D,PERIODIC,-94,-11,17.0,h5
2025.12.24_15.38.28,5G NSA,-97,-11,19.0,0,0,D,PERIODIC,-94,-11,17.0,h5
2025.12.24_15.38.29,5G NSA,-98,-11,22.0,65479,3700,D,PERIODIC,-94,-8,15.0,h5
2025.12.24_15.38.30,5G NSA,-98,-11,20.0,0,0,I,PERIODIC,-94,-8,15.0,h5
2025.12.24_15.38.31,5G NSA,-98,-11,20.0,0,0,I,PERIODIC,-94,-11,17.0,h5
2025.12.24_15.38.32,5G NSA,-98,-11,20.0,0,0,I,PERIODIC,-94,-11,17.0,h5
2025.12.24_15.38.33,5G NSA,-99,-11,20.0,0,0,I,PERIODIC,-94,-10,18.0,h5
2025.12.24_15.38.34,5G NSA,-99,-11,20.0,101194,728,D,PERIODIC,-94,-10,18.0,h5
2025.12.24_15.38.35,5G NSA,-99,-11,20.0,0,0,D,PERIODIC,-94,-10,18.0,h5
2025.12.24_15.38.36,5G NSA,-97,-11,20.0,0,0,I,PERIODIC,-94,-8,15.0,h5
2025.12.24_15.38.37,5G NSA,-96,-11,19.0,0,0,I,PERIODIC,-93,-10,17.0,h5
2025.12.24_15.38.38,5G NSA,-96,-11,20.0,0,0,I,PERIODIC,-93,-10,17.0,h5
2025.12.24_15.38.39,5G NSA,-97,-11,20.0,105125,709,D,PERIODIC,-94,-11,19.0,h5
2025.12.24_15.38.40,5G NSA,-97,-11,20.0,0,1,D,PERIODIC,-94,-11,19.0,h5
2025.12.24_15.38.41,5G NSA,-97,-11,20.0,0,0,D,PERIODIC,-93,-10,19.0,h5
2025.12.24_15.38.42,5G NSA,-97,-11,20.0,0,2,D,PERIODIC,-93,-10,19.0,h5
2025.12.24_15.38.43,5G NSA,-97,-11,20.0,0,0,D,PERIODIC,-93,-10,19.0,h5
2025.12.24_15.38.44,5G NSA,-97,-11,20.0,67060,582,D,PERIODIC,-94,-9,19.0,h5
2025.12.24_15.38.45,5G NSA,-97,-11,20.0,0,0,I,PERIODIC,-93,-9,19.0,h5
2025.12.24_15.38.46,5G NSA,-97,-11,20.0,7,6,D,PERIODIC,-93,-9,19.0,h5
2025.12.24_15.38.47,5G NSA,-97,-11,20.0,2,2,D,PERIODIC,-94,-10,19.0,h5
2025.12.24_15.38.48,5G NSA,-97,-11,20.0,0,0,I,PERIODIC,-94,-10,19.0,h5
2025.12.24_15.38.49,5G NSA,-97,-11,20.0,99575,1205,D,PERIODIC,-94,-10,19.0,h5
2025.12.24_15.38.50,5G NSA,-97,-11,20.0,0,0,I,PERIODIC,-94,-10,19.0,h5
2025.12.24_15.38.51,5G NSA,-97,-11,20.0,5,5,D,PERIODIC,-94,-10,19.0,h5
2025.12.24_15.38.52,5G NSA,-97,-11,19.0,0,0,I,PERIODIC,-94,-9,17.0,h5
2025.12.24_15.38.53,5G NSA,-97,-11,19.0,0,0,I,PERIODIC,-94,-10,16.0,h5
2025.12.24_15.38.54,5G NSA,-97,-11,19.0,99887,723,D,PERIODIC,-94,-10,16.0,h5
2025.12.24_15.38.55,5G NSA,-97,-11,19.0,0,0,I,PERIODIC,-95,-11,16.0,h5
2025.12.24_15.38.56,5G NSA,-97,-11,19.0,0,0,I,PERIODIC,-95,-11,16.0,h5
2025.12.24_15.38.57,5G NSA,-97,-11,19.0,4,4,D,PERIODIC,-94,-12,16.0,h5
2025.12.24_15.38.58,5G NSA,-97,-11,19.0,0,0,I,PERIODIC,-94,-12,16.0,h5
2025.12.24_15.38.59,5G NSA,-96,-11,19.0,76225,570,D,PERIODIC,-94,-13,18.0,h5
2025.12.24_15.39.00,5G NSA,-96,-11,19.0,1,1,D,PERIODIC,-94,-13,18.0,h5
2025.12.24_15.39.01,5G NSA,-96,-11,19.0,0,0,I,PERIODIC,-94,-11,18.0,h5
2025.12.24_15.39.02,5G NSA,-96,-11,19.0,3,3,D,PERIODIC,-94,-11,18.0,h5
2025.12.24_15.39.03,5G NSA,-97,-11,19.0,0,0,D,PERIODIC,-94,-11,15.0,h5
2025.12.24_15.39.04,5G NSA,-97,-11,19.0,106274,2180,D,PERIODIC,-94,-11,15.0,h5
2025.12.24_15.39.05,5G NSA,-97,-11,19.0,0,0,I,PERIODIC,-94,-13,19.0,h5
2025.12.24_15.39.06,5G NSA,-97,-11,19.0,0,0,I,PERIODIC,-94,-13,19.0,h5
2025.12.24_15.39.07,5G NSA,-99,-11,20.0,0,0,I,PERIODIC,-94,-13,17.0,h5
2025.12.24_15.39.08,5G NSA,-99,-11,19.0,0,0,I,PERIODIC,-94,-13,17.0,h5
2025.12.24_15.39.09,5G NSA,-96,-11,19.0,63886,496,D,PERIODIC,-94,-10,16.0,h5
2025.12.24_15.39.10,5G NSA,-96,-11,19.0,0,0,I,PERIODIC,-94,-10,16.0,h5
2025.12.24_15.39.11,5G NSA,-96,-11,19.0,0,0,I,PERIODIC,-95,-10,16.0,h5
2025.12.24_15.39.12,5G NSA,-96,-11,19.0,8,10,D,PERIODIC,-95,-10,16.0,h5
2025.12.24_15.39.13,5G NSA,-96,-11,19.0,0,0,I,PERIODIC,-94,-14,16.0,h5
2025.12.24_15.39.14,5G NSA,-96,-11,19.0,80636,624,D,PERIODIC,-94,-14,16.0,h5
2025.12.24_15.39.15,5G NSA,-98,-11,19.0,1,1,D,PERIODIC,-94,-10,14.0,h5
2025.12.24_15.39.16,5G NSA,-98,-11,19.0,0,0,I,PERIODIC,-94,-10,14.0,h5
2025.12.24_15.39.17,5G NSA,-98,-11,19.0,0,0,I,PERIODIC,-94,-10,14.0,h5
2025.12.24_15.39.18,5G NSA,-98,-11,19.0,0,0,I,PERIODIC,-94,-13,14.0,h5
2025.12.24_15.39.19,5G NSA,-97,-11,19.0,0,0,I,PERIODIC,-94,-12,15.0,h5
2025.12.24_15.39.20,5G NSA,-97,-11,19.0,0,0,I,PERIODIC,-94,-12,15.0,h5
2025.12.24_15.39.21,5G NSA,-97,-11,19.0,0,0,I,PERIODIC,-94,-12,16.0,h5
2025.12.24_15.39.22,5G NSA,-97,-11,19.0,0,0,I,PERIODIC,-94,-12,16.0,h5
2025.12.24_15.39.23,5G NSA,-96,-11,19.0,0,0,I,PERIODIC,-91,-9,18.0,h5
2025.12.24_15.39.24,5G NSA,-96,-11,19.0,0,0,I,PERIODIC,-91,-9,18.0,h5
2025.12.24_15.39.25,5G NSA,-97,-11,19.0,1,1,D,PERIODIC,-94,-13,19.0,h5
2025.12.24_15.39.26,5G NSA,-97,-11,19.0,3,3,D,PERIODIC,-94,-13,19.0,h5
2025.12.24_15.39.27,5G NSA,-97,-11,19.0,3,3,D,PERIODIC,-94,-13,19.0,h5
2025.12.24_15.39.28,5G NSA,-97,-11,19.0,0,0,I,PERIODIC,-93,-10,18.0,h5
2025.12.24_15.39.29,5G NSA,-97,-11,19.0,0,0,I,PERIODIC,-93,-10,18.0,h5
2025.12.24_15.39.30,5G NSA,-99,-11,19.0,0,0,I,PERIODIC,-94,-10,16.0,h5
2025.12.24_15.39.31,5G NSA,-99,-11,19.0,0,0,I,PERIODIC,-94,-11,16.0,h5
2025.12.24_15.39.32,5G NSA,-99,-11,20.0,0,0,I,PERIODIC,-94,-11,16.0,h5
2025.12.24_15.39.33,5G NSA,-100,-11,20.0,6,9,D,PERIODIC,-94,-11,17.0,h5
2025.12.24_15.39.34,5G NSA,-100,-11,20.0,5,5,D,PERIODIC,-94,-11,17.0,h5
2025.12.24_15.39.35,5G NSA,-100,-11,20.0,0,0,D,PERIODIC,-94,-13,17.0,h5
2025.12.24_15.39.36,5G NSA,-100,-11,20.0,0,0,I,PERIODIC,-94,-13,17.0,h5
2025.12.24_15.39.37,5G NSA,-96,-11,19.0,0,0,I,PERIODIC,-92,-10,14.0,h5
2025.12.24_15.39.38,5G NSA,-96,-11,19.0,0,0,I,PERIODIC,-92,-10,14.0,h5
2025.12.24_15.39.39,5G NSA,-99,-11,20.0,12,12,D,PERIODIC,-92,-9,18.0,h5
2025.12.24_15.39.40,5G NSA,-99,-11,19.0,7,7,D,PERIODIC,-92,-9,18.0,h5
2025.12.24_15.39.41,5G NSA,-99,-11,20.0,0,0,I,PERIODIC,-92,-9,18.0,h5
2025.12.24_15.39.42,5G NSA,-99,-11,18.0,2,2,D,PERIODIC,-92,-9,18.0,h5
2025.12.24_15.39.43,5G NSA,-100,-11,18.0,0,0,I,PERIODIC,-93,-12,20.0,h5
2025.12.24_15.39.44,5G NSA,-100,-11,19.0,0,0,I,PERIODIC,-93,-12,20.0,h5
2025.12.24_15.39.45,5G NSA,-100,-11,19.0,0,0,I,PERIODIC,-93,-12,20.0,h5
2025.12.24_15.39.46,5G NSA,-99,-11,19.0,0,8,D,PERIODIC,-92,-11,16.0,h5
2025.12.24_15.39.47,5G NSA,-99,-11,19.0,9,8,D,PERIODIC,-93,-9,20.0,h5
2025.12.24_15.39.48,5G NSA,-99,-11,18.0,1069,5997,D,PERIODIC,-93,-9,20.0,h5
2025.12.24_15.39.49,5G NSA,-98,-11,18.0,0,0,I,PERIODIC,-92,-10,16.0,h5
2025.12.24_15.39.50,5G NSA,-98,-11,20.0,0,0,I,PERIODIC,-92,-10,16.0,h5
2025.12.24_15.39.51,5G NSA,-94,-11,21.0,0,0,I,PERIODIC,-98,-9,19.0,h5
